<?xml version="1.0" encoding="UTF-8"?>
<project-private xmlns="http://www.netbeans.org/ns/project-private/1">
    <editor-bookmarks xmlns="http://www.netbeans.org/ns/editor-bookmarks/2" lastBookmarkId="0"/>
    <open-files xmlns="http://www.netbeans.org/ns/projectui-open-files/2">
        <group>
            <file>file:/C:/Users/tlan/Documents/GitHub/MingRui/KYJ18F.X/SRC/main.c</file>
            <file>file:/C:/Users/tlan/Documents/GitHub/MingRui/KYJ18F.X/SRC/LCD_LIXIAN.h</file>
            <file>file:/C:/Users/tlan/Documents/GitHub/MingRui/KYJ18F.X/SRC/LCD_LIXIAN.c</file>
            <file>file:/C:/Users/tlan/Documents/GitHub/MingRui/KYJ18F.X/SRC/KYJDEF.c</file>
            <file>file:/C:/Users/tlan/Documents/GitHub/MingRui/KYJ18F.X/SRC/adc.c</file>
            <file>file:/C:/Users/tlan/Documents/GitHub/MingRui/KYJ18F.X/SRC/delay.h</file>
            <file>file:/C:/Users/tlan/Documents/GitHub/MingRui/KYJ18F.X/SRC/key.c</file>
            <file>file:/C:/Users/tlan/Documents/GitHub/MingRui/KYJ18F.X/SRC/KYJDEF.h</file>
            <file>file:/C:/Users/tlan/Documents/GitHub/MingRui/KYJ18F.X/SRC/key.h</file>
            <file>file:/C:/Users/tlan/Documents/GitHub/MingRui/KYJ18F.X/SRC/EEPROM.c</file>
        </group>
    </open-files>
</project-private>
